{
  "name": "StanleyWP",
  "version": "1.0.0",
  "description": "Bootstrap 4 WordPress Theme",
  "main": "",
  "author": "Brad Williams",
  "devDependencies": {
    "bootstrap": "^4.3.1",
    "braces": "^2.3.2",
    "browser-sync": "^2.18.2",
    "browserslist": "^4.5.4",
    "critical": "^1.3.4",
    "gulp": "^4.0.0",
    "gulp-autoprefixer": "^6.0.0",
    "gulp-imageoptim": "^1.0.8",
    "gulp-include": "^2.3.1",
    "gulp-jshint": "^2.1.0",
    "gulp-notify": "^3.2.0",
    "gulp-plumber": "^1.0.0",
    "gulp-rename": "^1.2.2",
    "gulp-sass": "^4.0.2",
    "gulp-uglify": "^3.0.2",
    "gulp-watch": "^5.0.1",
    "gulp-zip": "^4.2.0",
    "jquery": "^3.3.1",
    "jshint": "^2.10.2",
    "jshint-stylish": "^1.0.2",
    "lodash": "^4.17.11",
    "popper.js": "^1.12.5"
  },
  "repository": {
    
    "type": "git",
    "url": "https://github.com/ivelkov/teams-for-linux.git"
  }
}
